hex_id,north_east_neighbor,north_neighbor,north_west_neighbor,south_east_neighbor,south_neighbor,south_west_neighbor,east,north_east,north_west,south_east,south_west,west
0,239.0,1.0,193.0,238.0,250.0,192.0,"[-73.93333317169989, 40.58774284807021]","[-73.93999984147489, 40.59928985883779]","[-73.9533331810249, 40.59928985883779]","[-73.93999984147489, 40.57619583730262]","[-73.9533331810249, 40.57619583730262]","[-73.9599998507999, 40.58774284807021]"
1,240.0,2.0,194.0,239.0,0.0,193.0,"[-73.93333317169989, 40.61083686960538]","[-73.93999984147489, 40.62238388037297]","[-73.9533331810249, 40.62238388037297]","[-73.93999984147489, 40.59928985883779]","[-73.9533331810249, 40.59928985883779]","[-73.9599998507999, 40.61083686960538]"
2,241.0,3.0,195.0,240.0,1.0,194.0,"[-73.93333317169989, 40.63393089114056]","[-73.93999984147489, 40.645477901908144]","[-73.9533331810249, 40.645477901908144]","[-73.93999984147489, 40.62238388037297]","[-73.9533331810249, 40.62238388037297]","[-73.9599998507999, 40.63393089114056]"
3,242.0,4.0,196.0,241.0,2.0,195.0,"[-73.93333317169989, 40.65702491267573]","[-73.93999984147489, 40.66857192344332]","[-73.9533331810249, 40.66857192344332]","[-73.93999984147489, 40.645477901908144]","[-73.9533331810249, 40.645477901908144]","[-73.9599998507999, 40.65702491267573]"
4,243.0,5.0,197.0,242.0,3.0,196.0,"[-73.93333317169989, 40.68011893421091]","[-73.93999984147489, 40.691665944978496]","[-73.9533331810249, 40.691665944978496]","[-73.93999984147489, 40.66857192344332]","[-73.9533331810249, 40.66857192344332]","[-73.9599998507999, 40.68011893421091]"
5,24.0,6.0,198.0,243.0,4.0,197.0,"[-73.93333317169989, 40.70321295574608]","[-73.93999984147489, 40.71475996651367]","[-73.9533331810249, 40.71475996651367]","[-73.93999984147489, 40.691665944978496]","[-73.9533331810249, 40.691665944978496]","[-73.9599998507999, 40.70321295574608]"
6,25.0,7.0,199.0,24.0,5.0,198.0,"[-73.93333317169989, 40.726306977281254]","[-73.93999984147489, 40.73785398804885]","[-73.9533331810249, 40.73785398804885]","[-73.93999984147489, 40.71475996651367]","[-73.9533331810249, 40.71475996651367]","[-73.9599998507999, 40.726306977281254]"
7,26.0,8.0,200.0,25.0,6.0,199.0,"[-73.93333317169989, 40.749400998816434]","[-73.93999984147489, 40.76094800958402]","[-73.9533331810249, 40.76094800958402]","[-73.93999984147489, 40.73785398804885]","[-73.9533331810249, 40.73785398804885]","[-73.9599998507999, 40.749400998816434]"
8,27.0,227.0,201.0,26.0,7.0,200.0,"[-73.93333317169989, 40.772495020351606]","[-73.93999984147489, 40.78404203111919]","[-73.9533331810249, 40.78404203111919]","[-73.93999984147489, 40.76094800958402]","[-73.9533331810249, 40.76094800958402]","[-73.9599998507999, 40.772495020351606]"
9,62.0,10.0,240.0,61.0,40.0,239.0,"[-73.89333315304988, 40.61083686960538]","[-73.89999982282488, 40.62238388037297]","[-73.91333316237488, 40.62238388037297]","[-73.89999982282488, 40.59928985883779]","[-73.91333316237488, 40.59928985883779]","[-73.91999983214988, 40.61083686960538]"
10,63.0,11.0,241.0,62.0,9.0,240.0,"[-73.89333315304988, 40.63393089114056]","[-73.89999982282488, 40.645477901908144]","[-73.91333316237488, 40.645477901908144]","[-73.89999982282488, 40.62238388037297]","[-73.91333316237488, 40.62238388037297]","[-73.91999983214988, 40.63393089114056]"
11,64.0,12.0,242.0,63.0,10.0,241.0,"[-73.89333315304988, 40.65702491267573]","[-73.89999982282488, 40.66857192344332]","[-73.91333316237488, 40.66857192344332]","[-73.89999982282488, 40.645477901908144]","[-73.91333316237488, 40.645477901908144]","[-73.91999983214988, 40.65702491267573]"
12,65.0,13.0,243.0,64.0,11.0,242.0,"[-73.89333315304988, 40.68011893421091]","[-73.89999982282488, 40.691665944978496]","[-73.91333316237488, 40.691665944978496]","[-73.89999982282488, 40.66857192344332]","[-73.91333316237488, 40.66857192344332]","[-73.91999983214988, 40.68011893421091]"
13,66.0,14.0,24.0,65.0,12.0,243.0,"[-73.89333315304988, 40.70321295574608]","[-73.89999982282488, 40.71475996651367]","[-73.91333316237488, 40.71475996651367]","[-73.89999982282488, 40.691665944978496]","[-73.91333316237488, 40.691665944978496]","[-73.91999983214988, 40.70321295574608]"
14,67.0,15.0,25.0,66.0,13.0,24.0,"[-73.89333315304988, 40.726306977281254]","[-73.89999982282488, 40.73785398804885]","[-73.91333316237488, 40.73785398804885]","[-73.89999982282488, 40.71475996651367]","[-73.91333316237488, 40.71475996651367]","[-73.91999983214988, 40.726306977281254]"
15,68.0,16.0,26.0,67.0,14.0,25.0,"[-73.89333315304988, 40.749400998816434]","[-73.89999982282488, 40.76094800958402]","[-73.91333316237488, 40.76094800958402]","[-73.89999982282488, 40.73785398804885]","[-73.91333316237488, 40.73785398804885]","[-73.91999983214988, 40.749400998816434]"
16,69.0,17.0,27.0,68.0,15.0,26.0,"[-73.89333315304988, 40.772495020351606]","[-73.89999982282488, 40.78404203111919]","[-73.91333316237488, 40.78404203111919]","[-73.89999982282488, 40.76094800958402]","[-73.91333316237488, 40.76094800958402]","[-73.91999983214988, 40.772495020351606]"
17,70.0,18.0,28.0,69.0,16.0,27.0,"[-73.89333315304988, 40.795589041886785]","[-73.89999982282488, 40.80713605265437]","[-73.91333316237488, 40.80713605265437]","[-73.89999982282488, 40.78404203111919]","[-73.91333316237488, 40.78404203111919]","[-73.91999983214988, 40.795589041886785]"
18,71.0,19.0,29.0,70.0,17.0,28.0,"[-73.89333315304988, 40.81868306342196]","[-73.89999982282488, 40.830230074189544]","[-73.91333316237488, 40.830230074189544]","[-73.89999982282488, 40.80713605265437]","[-73.91333316237488, 40.80713605265437]","[-73.91999983214988, 40.81868306342196]"
19,72.0,20.0,30.0,71.0,18.0,29.0,"[-73.89333315304988, 40.84177708495713]","[-73.89999982282488, 40.85332409572472]","[-73.91333316237488, 40.85332409572472]","[-73.89999982282488, 40.830230074189544]","[-73.91333316237488, 40.830230074189544]","[-73.91999983214988, 40.84177708495713]"
20,73.0,,31.0,72.0,19.0,30.0,"[-73.89333315304988, 40.86487110649231]","[-73.89999982282488, 40.876418117259895]","[-73.91333316237488, 40.876418117259895]","[-73.89999982282488, 40.85332409572472]","[-73.91333316237488, 40.85332409572472]","[-73.91999983214988, 40.86487110649231]"
21,42.0,22.0,33.0,41.0,,32.0,"[-74.13333326494995, 40.541554804999855]","[-74.13999993472495, 40.55310181576744]","[-74.15333327427496, 40.55310181576744]","[-74.13999993472495, 40.53000779423227]","[-74.15333327427496, 40.53000779423227]","[-74.15999994404996, 40.541554804999855]"
22,43.0,23.0,34.0,42.0,21.0,33.0,"[-74.13333326494995, 40.564648826535034]","[-74.13999993472495, 40.57619583730262]","[-74.15333327427496, 40.57619583730262]","[-74.13999993472495, 40.55310181576744]","[-74.15333327427496, 40.55310181576744]","[-74.15999994404996, 40.564648826535034]"
23,44.0,57.0,35.0,43.0,22.0,34.0,"[-74.13333326494995, 40.58774284807021]","[-74.13999993472495, 40.59928985883779]","[-74.15333327427496, 40.59928985883779]","[-74.13999993472495, 40.57619583730262]","[-74.15333327427496, 40.57619583730262]","[-74.15999994404996, 40.58774284807021]"
24,14.0,25.0,6.0,13.0,243.0,5.0,"[-73.91333316237488, 40.71475996651367]","[-73.91999983214988, 40.726306977281254]","[-73.93333317169989, 40.726306977281254]","[-73.91999983214988, 40.70321295574608]","[-73.93333317169989, 40.70321295574608]","[-73.93999984147489, 40.71475996651367]"
25,15.0,26.0,7.0,14.0,24.0,6.0,"[-73.91333316237488, 40.73785398804885]","[-73.91999983214988, 40.749400998816434]","[-73.93333317169989, 40.749400998816434]","[-73.91999983214988, 40.726306977281254]","[-73.93333317169989, 40.726306977281254]","[-73.93999984147489, 40.73785398804885]"
26,16.0,27.0,8.0,15.0,25.0,7.0,"[-73.91333316237488, 40.76094800958402]","[-73.91999983214988, 40.772495020351606]","[-73.93333317169989, 40.772495020351606]","[-73.91999983214988, 40.749400998816434]","[-73.93333317169989, 40.749400998816434]","[-73.93999984147489, 40.76094800958402]"
27,17.0,28.0,227.0,16.0,26.0,8.0,"[-73.91333316237488, 40.78404203111919]","[-73.91999983214988, 40.795589041886785]","[-73.93333317169989, 40.795589041886785]","[-73.91999983214988, 40.772495020351606]","[-73.93333317169989, 40.772495020351606]","[-73.93999984147489, 40.78404203111919]"
28,18.0,29.0,228.0,17.0,27.0,227.0,"[-73.91333316237488, 40.80713605265437]","[-73.91999983214988, 40.81868306342196]","[-73.93333317169989, 40.81868306342196]","[-73.91999983214988, 40.795589041886785]","[-73.93333317169989, 40.795589041886785]","[-73.93999984147489, 40.80713605265437]"
29,19.0,30.0,229.0,18.0,28.0,228.0,"[-73.91333316237488, 40.830230074189544]","[-73.91999983214988, 40.84177708495713]","[-73.93333317169989, 40.84177708495713]","[-73.91999983214988, 40.81868306342196]","[-73.93333317169989, 40.81868306342196]","[-73.93999984147489, 40.830230074189544]"
30,20.0,31.0,230.0,19.0,29.0,229.0,"[-73.91333316237488, 40.85332409572472]","[-73.91999983214988, 40.86487110649231]","[-73.93333317169989, 40.86487110649231]","[-73.91999983214988, 40.84177708495713]","[-73.93333317169989, 40.84177708495713]","[-73.93999984147489, 40.85332409572472]"
31,,,,20.0,30.0,230.0,"[-73.91333316237488, 40.876418117259895]","[-73.91999983214988, 40.88796512802748]","[-73.93333317169989, 40.88796512802748]","[-73.91999983214988, 40.86487110649231]","[-73.93333317169989, 40.86487110649231]","[-73.93999984147489, 40.876418117259895]"
32,21.0,33.0,232.0,,,231.0,"[-74.15333327427496, 40.53000779423227]","[-74.15999994404996, 40.541554804999855]","[-74.17333328359997, 40.541554804999855]","[-74.15999994404996, 40.51846078346468]","[-74.17333328359997, 40.51846078346468]","[-74.17999995337497, 40.53000779423227]"
33,22.0,34.0,233.0,21.0,32.0,232.0,"[-74.15333327427496, 40.55310181576744]","[-74.15999994404996, 40.564648826535034]","[-74.17333328359997, 40.564648826535034]","[-74.15999994404996, 40.541554804999855]","[-74.17333328359997, 40.541554804999855]","[-74.17999995337497, 40.55310181576744]"
34,23.0,35.0,234.0,22.0,33.0,233.0,"[-74.15333327427496, 40.57619583730262]","[-74.15999994404996, 40.58774284807021]","[-74.17333328359997, 40.58774284807021]","[-74.15999994404996, 40.564648826535034]","[-74.17333328359997, 40.564648826535034]","[-74.17999995337497, 40.57619583730262]"
35,57.0,36.0,235.0,23.0,34.0,234.0,"[-74.15333327427496, 40.59928985883779]","[-74.15999994404996, 40.61083686960538]","[-74.17333328359997, 40.61083686960538]","[-74.15999994404996, 40.58774284807021]","[-74.17333328359997, 40.58774284807021]","[-74.17999995337497, 40.59928985883779]"
36,59.0,38.0,237.0,57.0,35.0,235.0,"[-74.15333327427496, 40.62238388037297]","[-74.15999994404996, 40.63393089114056]","[-74.17333328359997, 40.63393089114056]","[-74.15999994404996, 40.61083686960538]","[-74.17333328359997, 40.61083686960538]","[-74.17999995337497, 40.62238388037297]"
37,58.0,39.0,236.0,,,,"[-73.89333315304988, 40.541554804999855]","[-73.89999982282488, 40.55310181576744]","[-73.91333316237488, 40.55310181576744]","[-73.89999982282488, 40.53000779423227]","[-73.91333316237488, 40.53000779423227]","[-73.91999983214988, 40.541554804999855]"
38,,,,59.0,36.0,237.0,"[-74.15333327427496, 40.645477901908144]","[-74.15999994404996, 40.65702491267573]","[-74.17333328359997, 40.65702491267573]","[-74.15999994404996, 40.63393089114056]","[-74.17333328359997, 40.63393089114056]","[-74.17999995337497, 40.645477901908144]"
39,60.0,40.0,238.0,58.0,37.0,236.0,"[-73.89333315304988, 40.564648826535034]","[-73.89999982282488, 40.57619583730262]","[-73.91333316237488, 40.57619583730262]","[-73.89999982282488, 40.55310181576744]","[-73.91333316237488, 40.55310181576744]","[-73.91999983214988, 40.564648826535034]"
40,61.0,9.0,239.0,60.0,39.0,238.0,"[-73.89333315304988, 40.58774284807021]","[-73.89999982282488, 40.59928985883779]","[-73.91333316237488, 40.59928985883779]","[-73.89999982282488, 40.57619583730262]","[-73.91333316237488, 40.57619583730262]","[-73.91999983214988, 40.58774284807021]"
41,92.0,42.0,21.0,,,,"[-74.11333325562495, 40.53000779423227]","[-74.11999992539995, 40.541554804999855]","[-74.13333326494995, 40.541554804999855]","[-74.11999992539995, 40.51846078346468]","[-74.13333326494995, 40.51846078346468]","[-74.13999993472495, 40.53000779423227]"
42,93.0,43.0,22.0,92.0,41.0,21.0,"[-74.11333325562495, 40.55310181576744]","[-74.11999992539995, 40.564648826535034]","[-74.13333326494995, 40.564648826535034]","[-74.11999992539995, 40.541554804999855]","[-74.13333326494995, 40.541554804999855]","[-74.13999993472495, 40.55310181576744]"
43,94.0,44.0,23.0,93.0,42.0,22.0,"[-74.11333325562495, 40.57619583730262]","[-74.11999992539995, 40.58774284807021]","[-74.13333326494995, 40.58774284807021]","[-74.11999992539995, 40.564648826535034]","[-74.13333326494995, 40.564648826535034]","[-74.13999993472495, 40.57619583730262]"
44,95.0,45.0,57.0,94.0,43.0,23.0,"[-74.11333325562495, 40.59928985883779]","[-74.11999992539995, 40.61083686960538]","[-74.13333326494995, 40.61083686960538]","[-74.11999992539995, 40.58774284807021]","[-74.13333326494995, 40.58774284807021]","[-74.13999993472495, 40.59928985883779]"
45,96.0,46.0,59.0,95.0,44.0,57.0,"[-74.11333325562495, 40.62238388037297]","[-74.11999992539995, 40.63393089114056]","[-74.13333326494995, 40.63393089114056]","[-74.11999992539995, 40.61083686960538]","[-74.13333326494995, 40.61083686960538]","[-74.13999993472495, 40.62238388037297]"
46,98.0,,,96.0,45.0,59.0,"[-74.11333325562495, 40.645477901908144]","[-74.11999992539995, 40.65702491267573]","[-74.13333326494995, 40.65702491267573]","[-74.11999992539995, 40.63393089114056]","[-74.13333326494995, 40.63393089114056]","[-74.13999993472495, 40.645477901908144]"
47,97.0,48.0,60.0,,,58.0,"[-73.85333313439986, 40.564648826535034]","[-73.85999980417486, 40.57619583730262]","[-73.87333314372486, 40.57619583730262]","[-73.85999980417486, 40.55310181576744]","[-73.87333314372486, 40.55310181576744]","[-73.87999981349986, 40.564648826535034]"
48,99.0,49.0,61.0,97.0,47.0,60.0,"[-73.85333313439986, 40.58774284807021]","[-73.85999980417486, 40.59928985883779]","[-73.87333314372486, 40.59928985883779]","[-73.85999980417486, 40.57619583730262]","[-73.87333314372486, 40.57619583730262]","[-73.87999981349986, 40.58774284807021]"
49,100.0,50.0,62.0,99.0,48.0,61.0,"[-73.85333313439986, 40.61083686960538]","[-73.85999980417486, 40.62238388037297]","[-73.87333314372486, 40.62238388037297]","[-73.85999980417486, 40.59928985883779]","[-73.87333314372486, 40.59928985883779]","[-73.87999981349986, 40.61083686960538]"
50,101.0,51.0,63.0,100.0,49.0,62.0,"[-73.85333313439986, 40.63393089114056]","[-73.85999980417486, 40.645477901908144]","[-73.87333314372486, 40.645477901908144]","[-73.85999980417486, 40.62238388037297]","[-73.87333314372486, 40.62238388037297]","[-73.87999981349986, 40.63393089114056]"
51,102.0,52.0,64.0,101.0,50.0,63.0,"[-73.85333313439986, 40.65702491267573]","[-73.85999980417486, 40.66857192344332]","[-73.87333314372486, 40.66857192344332]","[-73.85999980417486, 40.645477901908144]","[-73.87333314372486, 40.645477901908144]","[-73.87999981349986, 40.65702491267573]"
52,103.0,53.0,65.0,102.0,51.0,64.0,"[-73.85333313439986, 40.68011893421091]","[-73.85999980417486, 40.691665944978496]","[-73.87333314372486, 40.691665944978496]","[-73.85999980417486, 40.66857192344332]","[-73.87333314372486, 40.66857192344332]","[-73.87999981349986, 40.68011893421091]"
53,74.0,54.0,66.0,103.0,52.0,65.0,"[-73.85333313439986, 40.70321295574608]","[-73.85999980417486, 40.71475996651367]","[-73.87333314372486, 40.71475996651367]","[-73.85999980417486, 40.691665944978496]","[-73.87333314372486, 40.691665944978496]","[-73.87999981349986, 40.70321295574608]"
54,75.0,55.0,67.0,74.0,53.0,66.0,"[-73.85333313439986, 40.726306977281254]","[-73.85999980417486, 40.73785398804885]","[-73.87333314372486, 40.73785398804885]","[-73.85999980417486, 40.71475996651367]","[-73.87333314372486, 40.71475996651367]","[-73.87999981349986, 40.726306977281254]"
55,76.0,56.0,68.0,75.0,54.0,67.0,"[-73.85333313439986, 40.749400998816434]","[-73.85999980417486, 40.76094800958402]","[-73.87333314372486, 40.76094800958402]","[-73.85999980417486, 40.73785398804885]","[-73.87333314372486, 40.73785398804885]","[-73.87999981349986, 40.749400998816434]"
56,77.0,88.0,69.0,76.0,55.0,68.0,"[-73.85333313439986, 40.772495020351606]","[-73.85999980417486, 40.78404203111919]","[-73.87333314372486, 40.78404203111919]","[-73.85999980417486, 40.76094800958402]","[-73.87333314372486, 40.76094800958402]","[-73.87999981349986, 40.772495020351606]"
57,45.0,59.0,36.0,44.0,23.0,35.0,"[-74.13333326494995, 40.61083686960538]","[-74.13999993472495, 40.62238388037297]","[-74.15333327427496, 40.62238388037297]","[-74.13999993472495, 40.59928985883779]","[-74.15333327427496, 40.59928985883779]","[-74.15999994404996, 40.61083686960538]"
58,47.0,60.0,39.0,,,37.0,"[-73.87333314372486, 40.55310181576744]","[-73.87999981349986, 40.564648826535034]","[-73.89333315304988, 40.564648826535034]","[-73.87999981349986, 40.541554804999855]","[-73.89333315304988, 40.541554804999855]","[-73.89999982282488, 40.55310181576744]"
59,46.0,,38.0,45.0,57.0,36.0,"[-74.13333326494995, 40.63393089114056]","[-74.13999993472495, 40.645477901908144]","[-74.15333327427496, 40.645477901908144]","[-74.13999993472495, 40.62238388037297]","[-74.15333327427496, 40.62238388037297]","[-74.15999994404996, 40.63393089114056]"
60,48.0,61.0,40.0,47.0,58.0,39.0,"[-73.87333314372486, 40.57619583730262]","[-73.87999981349986, 40.58774284807021]","[-73.89333315304988, 40.58774284807021]","[-73.87999981349986, 40.564648826535034]","[-73.89333315304988, 40.564648826535034]","[-73.89999982282488, 40.57619583730262]"
61,49.0,62.0,9.0,48.0,60.0,40.0,"[-73.87333314372486, 40.59928985883779]","[-73.87999981349986, 40.61083686960538]","[-73.89333315304988, 40.61083686960538]","[-73.87999981349986, 40.58774284807021]","[-73.89333315304988, 40.58774284807021]","[-73.89999982282488, 40.59928985883779]"
62,50.0,63.0,10.0,49.0,61.0,9.0,"[-73.87333314372486, 40.62238388037297]","[-73.87999981349986, 40.63393089114056]","[-73.89333315304988, 40.63393089114056]","[-73.87999981349986, 40.61083686960538]","[-73.89333315304988, 40.61083686960538]","[-73.89999982282488, 40.62238388037297]"
63,51.0,64.0,11.0,50.0,62.0,10.0,"[-73.87333314372486, 40.645477901908144]","[-73.87999981349986, 40.65702491267573]","[-73.89333315304988, 40.65702491267573]","[-73.87999981349986, 40.63393089114056]","[-73.89333315304988, 40.63393089114056]","[-73.89999982282488, 40.645477901908144]"
64,52.0,65.0,12.0,51.0,63.0,11.0,"[-73.87333314372486, 40.66857192344332]","[-73.87999981349986, 40.68011893421091]","[-73.89333315304988, 40.68011893421091]","[-73.87999981349986, 40.65702491267573]","[-73.89333315304988, 40.65702491267573]","[-73.89999982282488, 40.66857192344332]"
65,53.0,66.0,13.0,52.0,64.0,12.0,"[-73.87333314372486, 40.691665944978496]","[-73.87999981349986, 40.70321295574608]","[-73.89333315304988, 40.70321295574608]","[-73.87999981349986, 40.68011893421091]","[-73.89333315304988, 40.68011893421091]","[-73.89999982282488, 40.691665944978496]"
66,54.0,67.0,14.0,53.0,65.0,13.0,"[-73.87333314372486, 40.71475996651367]","[-73.87999981349986, 40.726306977281254]","[-73.89333315304988, 40.726306977281254]","[-73.87999981349986, 40.70321295574608]","[-73.89333315304988, 40.70321295574608]","[-73.89999982282488, 40.71475996651367]"
67,55.0,68.0,15.0,54.0,66.0,14.0,"[-73.87333314372486, 40.73785398804885]","[-73.87999981349986, 40.749400998816434]","[-73.89333315304988, 40.749400998816434]","[-73.87999981349986, 40.726306977281254]","[-73.89333315304988, 40.726306977281254]","[-73.89999982282488, 40.73785398804885]"
68,56.0,69.0,16.0,55.0,67.0,15.0,"[-73.87333314372486, 40.76094800958402]","[-73.87999981349986, 40.772495020351606]","[-73.89333315304988, 40.772495020351606]","[-73.87999981349986, 40.749400998816434]","[-73.89333315304988, 40.749400998816434]","[-73.89999982282488, 40.76094800958402]"
69,88.0,70.0,17.0,56.0,68.0,16.0,"[-73.87333314372486, 40.78404203111919]","[-73.87999981349986, 40.795589041886785]","[-73.89333315304988, 40.795589041886785]","[-73.87999981349986, 40.772495020351606]","[-73.89333315304988, 40.772495020351606]","[-73.89999982282488, 40.78404203111919]"
70,89.0,71.0,18.0,88.0,69.0,17.0,"[-73.87333314372486, 40.80713605265437]","[-73.87999981349986, 40.81868306342196]","[-73.89333315304988, 40.81868306342196]","[-73.87999981349986, 40.795589041886785]","[-73.89333315304988, 40.795589041886785]","[-73.89999982282488, 40.80713605265437]"
71,90.0,72.0,19.0,89.0,70.0,18.0,"[-73.87333314372486, 40.830230074189544]","[-73.87999981349986, 40.84177708495713]","[-73.89333315304988, 40.84177708495713]","[-73.87999981349986, 40.81868306342196]","[-73.89333315304988, 40.81868306342196]","[-73.89999982282488, 40.830230074189544]"
72,91.0,73.0,20.0,90.0,71.0,19.0,"[-73.87333314372486, 40.85332409572472]","[-73.87999981349986, 40.86487110649231]","[-73.89333315304988, 40.86487110649231]","[-73.87999981349986, 40.84177708495713]","[-73.89333315304988, 40.84177708495713]","[-73.89999982282488, 40.85332409572472]"
73,,,,91.0,72.0,20.0,"[-73.87333314372486, 40.876418117259895]","[-73.87999981349986, 40.88796512802748]","[-73.89333315304988, 40.88796512802748]","[-73.87999981349986, 40.86487110649231]","[-73.89333315304988, 40.86487110649231]","[-73.89999982282488, 40.876418117259895]"
74,126.0,75.0,54.0,125.0,103.0,53.0,"[-73.83333312507486, 40.71475996651367]","[-73.83999979484986, 40.726306977281254]","[-73.85333313439986, 40.726306977281254]","[-73.83999979484986, 40.70321295574608]","[-73.85333313439986, 40.70321295574608]","[-73.85999980417486, 40.71475996651367]"
75,127.0,76.0,55.0,126.0,74.0,54.0,"[-73.83333312507486, 40.73785398804885]","[-73.83999979484986, 40.749400998816434]","[-73.85333313439986, 40.749400998816434]","[-73.83999979484986, 40.726306977281254]","[-73.85333313439986, 40.726306977281254]","[-73.85999980417486, 40.73785398804885]"
76,128.0,77.0,56.0,127.0,75.0,55.0,"[-73.83333312507486, 40.76094800958402]","[-73.83999979484986, 40.772495020351606]","[-73.85333313439986, 40.772495020351606]","[-73.83999979484986, 40.749400998816434]","[-73.85333313439986, 40.749400998816434]","[-73.85999980417486, 40.76094800958402]"
77,129.0,78.0,88.0,128.0,76.0,56.0,"[-73.83333312507486, 40.78404203111919]","[-73.83999979484986, 40.795589041886785]","[-73.85333313439986, 40.795589041886785]","[-73.83999979484986, 40.772495020351606]","[-73.85333313439986, 40.772495020351606]","[-73.85999980417486, 40.78404203111919]"
78,130.0,79.0,89.0,129.0,77.0,88.0,"[-73.83333312507486, 40.80713605265437]","[-73.83999979484986, 40.81868306342196]","[-73.85333313439986, 40.81868306342196]","[-73.83999979484986, 40.795589041886785]","[-73.85333313439986, 40.795589041886785]","[-73.85999980417486, 40.80713605265437]"
79,131.0,80.0,90.0,130.0,78.0,89.0,"[-73.83333312507486, 40.830230074189544]","[-73.83999979484986, 40.84177708495713]","[-73.85333313439986, 40.84177708495713]","[-73.83999979484986, 40.81868306342196]","[-73.85333313439986, 40.81868306342196]","[-73.85999980417486, 40.830230074189544]"
80,132.0,81.0,91.0,131.0,79.0,90.0,"[-73.83333312507486, 40.85332409572472]","[-73.83999979484986, 40.86487110649231]","[-73.85333313439986, 40.86487110649231]","[-73.83999979484986, 40.84177708495713]","[-73.85333313439986, 40.84177708495713]","[-73.85999980417486, 40.85332409572472]"
81,,,,132.0,80.0,91.0,"[-73.83333312507486, 40.876418117259895]","[-73.83999979484986, 40.88796512802748]","[-73.85333313439986, 40.88796512802748]","[-73.83999979484986, 40.86487110649231]","[-73.85333313439986, 40.86487110649231]","[-73.85999980417486, 40.876418117259895]"
82,,83.0,93.0,,,92.0,"[-74.07333323697493, 40.55310181576744]","[-74.07999990674993, 40.564648826535034]","[-74.09333324629993, 40.564648826535034]","[-74.07999990674993, 40.541554804999855]","[-74.09333324629993, 40.541554804999855]","[-74.09999991607494, 40.55310181576744]"
83,134.0,84.0,94.0,,82.0,93.0,"[-74.07333323697493, 40.57619583730262]","[-74.07999990674993, 40.58774284807021]","[-74.09333324629993, 40.58774284807021]","[-74.07999990674993, 40.564648826535034]","[-74.09333324629993, 40.564648826535034]","[-74.09999991607494, 40.57619583730262]"
84,104.0,85.0,95.0,134.0,83.0,94.0,"[-74.07333323697493, 40.59928985883779]","[-74.07999990674993, 40.61083686960538]","[-74.09333324629993, 40.61083686960538]","[-74.07999990674993, 40.58774284807021]","[-74.09333324629993, 40.58774284807021]","[-74.09999991607494, 40.59928985883779]"
85,105.0,86.0,96.0,104.0,84.0,95.0,"[-74.07333323697493, 40.62238388037297]","[-74.07999990674993, 40.63393089114056]","[-74.09333324629993, 40.63393089114056]","[-74.07999990674993, 40.61083686960538]","[-74.09333324629993, 40.61083686960538]","[-74.09999991607494, 40.62238388037297]"
86,107.0,,98.0,105.0,85.0,96.0,"[-74.07333323697493, 40.645477901908144]","[-74.07999990674993, 40.65702491267573]","[-74.09333324629993, 40.65702491267573]","[-74.07999990674993, 40.63393089114056]","[-74.09333324629993, 40.63393089114056]","[-74.09999991607494, 40.645477901908144]"
87,108.0,121.0,99.0,106.0,,97.0,"[-73.81333311574986, 40.58774284807021]","[-73.81999978552486, 40.59928985883779]","[-73.83333312507486, 40.59928985883779]","[-73.81999978552486, 40.57619583730262]","[-73.83333312507486, 40.57619583730262]","[-73.83999979484986, 40.58774284807021]"
88,78.0,89.0,70.0,77.0,56.0,69.0,"[-73.85333313439986, 40.795589041886785]","[-73.85999980417486, 40.80713605265437]","[-73.87333314372486, 40.80713605265437]","[-73.85999980417486, 40.78404203111919]","[-73.87333314372486, 40.78404203111919]","[-73.87999981349986, 40.795589041886785]"
89,79.0,90.0,71.0,78.0,88.0,70.0,"[-73.85333313439986, 40.81868306342196]","[-73.85999980417486, 40.830230074189544]","[-73.87333314372486, 40.830230074189544]","[-73.85999980417486, 40.80713605265437]","[-73.87333314372486, 40.80713605265437]","[-73.87999981349986, 40.81868306342196]"
90,80.0,91.0,72.0,79.0,89.0,71.0,"[-73.85333313439986, 40.84177708495713]","[-73.85999980417486, 40.85332409572472]","[-73.87333314372486, 40.85332409572472]","[-73.85999980417486, 40.830230074189544]","[-73.87333314372486, 40.830230074189544]","[-73.87999981349986, 40.84177708495713]"
91,81.0,,73.0,80.0,90.0,72.0,"[-73.85333313439986, 40.86487110649231]","[-73.85999980417486, 40.876418117259895]","[-73.87333314372486, 40.876418117259895]","[-73.85999980417486, 40.85332409572472]","[-73.87333314372486, 40.85332409572472]","[-73.87999981349986, 40.86487110649231]"
92,82.0,93.0,42.0,,,41.0,"[-74.09333324629993, 40.541554804999855]","[-74.09999991607494, 40.55310181576744]","[-74.11333325562495, 40.55310181576744]","[-74.09999991607494, 40.53000779423227]","[-74.11333325562495, 40.53000779423227]","[-74.11999992539995, 40.541554804999855]"
93,83.0,94.0,43.0,82.0,92.0,42.0,"[-74.09333324629993, 40.564648826535034]","[-74.09999991607494, 40.57619583730262]","[-74.11333325562495, 40.57619583730262]","[-74.09999991607494, 40.55310181576744]","[-74.11333325562495, 40.55310181576744]","[-74.11999992539995, 40.564648826535034]"
94,84.0,95.0,44.0,83.0,93.0,43.0,"[-74.09333324629993, 40.58774284807021]","[-74.09999991607494, 40.59928985883779]","[-74.11333325562495, 40.59928985883779]","[-74.09999991607494, 40.57619583730262]","[-74.11333325562495, 40.57619583730262]","[-74.11999992539995, 40.58774284807021]"
95,85.0,96.0,45.0,84.0,94.0,44.0,"[-74.09333324629993, 40.61083686960538]","[-74.09999991607494, 40.62238388037297]","[-74.11333325562495, 40.62238388037297]","[-74.09999991607494, 40.59928985883779]","[-74.11333325562495, 40.59928985883779]","[-74.11999992539995, 40.61083686960538]"
96,86.0,98.0,46.0,85.0,95.0,45.0,"[-74.09333324629993, 40.63393089114056]","[-74.09999991607494, 40.645477901908144]","[-74.11333325562495, 40.645477901908144]","[-74.09999991607494, 40.62238388037297]","[-74.11333325562495, 40.62238388037297]","[-74.11999992539995, 40.63393089114056]"
97,87.0,99.0,48.0,,,47.0,"[-73.83333312507486, 40.57619583730262]","[-73.83999979484986, 40.58774284807021]","[-73.85333313439986, 40.58774284807021]","[-73.83999979484986, 40.564648826535034]","[-73.85333313439986, 40.564648826535034]","[-73.85999980417486, 40.57619583730262]"
98,,,,86.0,96.0,46.0,"[-74.09333324629993, 40.65702491267573]","[-74.09999991607494, 40.66857192344332]","[-74.11333325562495, 40.66857192344332]","[-74.09999991607494, 40.645477901908144]","[-74.11333325562495, 40.645477901908144]","[-74.11999992539995, 40.65702491267573]"
99,121.0,100.0,49.0,87.0,97.0,48.0,"[-73.83333312507486, 40.59928985883779]","[-73.83999979484986, 40.61083686960538]","[-73.85333313439986, 40.61083686960538]","[-73.83999979484986, 40.58774284807021]","[-73.85333313439986, 40.58774284807021]","[-73.85999980417486, 40.59928985883779]"
100,122.0,101.0,50.0,121.0,99.0,49.0,"[-73.83333312507486, 40.62238388037297]","[-73.83999979484986, 40.63393089114056]","[-73.85333313439986, 40.63393089114056]","[-73.83999979484986, 40.61083686960538]","[-73.85333313439986, 40.61083686960538]","[-73.85999980417486, 40.62238388037297]"
101,123.0,102.0,51.0,122.0,100.0,50.0,"[-73.83333312507486, 40.645477901908144]","[-73.83999979484986, 40.65702491267573]","[-73.85333313439986, 40.65702491267573]","[-73.83999979484986, 40.63393089114056]","[-73.85333313439986, 40.63393089114056]","[-73.85999980417486, 40.645477901908144]"
102,124.0,103.0,52.0,123.0,101.0,51.0,"[-73.83333312507486, 40.66857192344332]","[-73.83999979484986, 40.68011893421091]","[-73.85333313439986, 40.68011893421091]","[-73.83999979484986, 40.65702491267573]","[-73.85333313439986, 40.65702491267573]","[-73.85999980417486, 40.66857192344332]"
103,125.0,74.0,53.0,124.0,102.0,52.0,"[-73.83333312507486, 40.691665944978496]","[-73.83999979484986, 40.70321295574608]","[-73.85333313439986, 40.70321295574608]","[-73.83999979484986, 40.68011893421091]","[-73.85333313439986, 40.68011893421091]","[-73.85999980417486, 40.691665944978496]"
104,151.0,105.0,85.0,150.0,134.0,84.0,"[-74.05333322764993, 40.61083686960538]","[-74.05999989742493, 40.62238388037297]","[-74.07333323697493, 40.62238388037297]","[-74.05999989742493, 40.59928985883779]","[-74.07333323697493, 40.59928985883779]","[-74.07999990674993, 40.61083686960538]"
105,152.0,107.0,86.0,151.0,104.0,85.0,"[-74.05333322764993, 40.63393089114056]","[-74.05999989742493, 40.645477901908144]","[-74.07333323697493, 40.645477901908144]","[-74.05999989742493, 40.62238388037297]","[-74.07333323697493, 40.62238388037297]","[-74.07999990674993, 40.63393089114056]"
106,153.0,108.0,87.0,,,,"[-73.79333310642484, 40.57619583730262]","[-73.79999977619984, 40.58774284807021]","[-73.81333311574986, 40.58774284807021]","[-73.79999977619984, 40.564648826535034]","[-73.81333311574986, 40.564648826535034]","[-73.81999978552486, 40.57619583730262]"
107,,,,152.0,105.0,86.0,"[-74.05333322764993, 40.65702491267573]","[-74.05999989742493, 40.66857192344332]","[-74.07333323697493, 40.66857192344332]","[-74.05999989742493, 40.645477901908144]","[-74.07333323697493, 40.645477901908144]","[-74.07999990674993, 40.65702491267573]"
108,155.0,109.0,121.0,153.0,106.0,87.0,"[-73.79333310642484, 40.59928985883779]","[-73.79999977619984, 40.61083686960538]","[-73.81333311574986, 40.61083686960538]","[-73.79999977619984, 40.58774284807021]","[-73.81333311574986, 40.58774284807021]","[-73.81999978552486, 40.59928985883779]"
109,156.0,110.0,122.0,155.0,108.0,121.0,"[-73.79333310642484, 40.62238388037297]","[-73.79999977619984, 40.63393089114056]","[-73.81333311574986, 40.63393089114056]","[-73.79999977619984, 40.61083686960538]","[-73.81333311574986, 40.61083686960538]","[-73.81999978552486, 40.62238388037297]"
110,157.0,111.0,123.0,156.0,109.0,122.0,"[-73.79333310642484, 40.645477901908144]","[-73.79999977619984, 40.65702491267573]","[-73.81333311574986, 40.65702491267573]","[-73.79999977619984, 40.63393089114056]","[-73.81333311574986, 40.63393089114056]","[-73.81999978552486, 40.645477901908144]"
111,158.0,112.0,124.0,157.0,110.0,123.0,"[-73.79333310642484, 40.66857192344332]","[-73.79999977619984, 40.68011893421091]","[-73.81333311574986, 40.68011893421091]","[-73.79999977619984, 40.65702491267573]","[-73.81333311574986, 40.65702491267573]","[-73.81999978552486, 40.66857192344332]"
112,159.0,113.0,125.0,158.0,111.0,124.0,"[-73.79333310642484, 40.691665944978496]","[-73.79999977619984, 40.70321295574608]","[-73.81333311574986, 40.70321295574608]","[-73.79999977619984, 40.68011893421091]","[-73.81333311574986, 40.68011893421091]","[-73.81999978552486, 40.691665944978496]"
113,160.0,114.0,126.0,159.0,112.0,125.0,"[-73.79333310642484, 40.71475996651367]","[-73.79999977619984, 40.726306977281254]","[-73.81333311574986, 40.726306977281254]","[-73.79999977619984, 40.70321295574608]","[-73.81333311574986, 40.70321295574608]","[-73.81999978552486, 40.71475996651367]"
114,161.0,115.0,127.0,160.0,113.0,126.0,"[-73.79333310642484, 40.73785398804885]","[-73.79999977619984, 40.749400998816434]","[-73.81333311574986, 40.749400998816434]","[-73.79999977619984, 40.726306977281254]","[-73.81333311574986, 40.726306977281254]","[-73.81999978552486, 40.73785398804885]"
115,162.0,116.0,128.0,161.0,114.0,127.0,"[-73.79333310642484, 40.76094800958402]","[-73.79999977619984, 40.772495020351606]","[-73.81333311574986, 40.772495020351606]","[-73.79999977619984, 40.749400998816434]","[-73.81333311574986, 40.749400998816434]","[-73.81999978552486, 40.76094800958402]"
116,133.0,117.0,129.0,162.0,115.0,128.0,"[-73.79333310642484, 40.78404203111919]","[-73.79999977619984, 40.795589041886785]","[-73.81333311574986, 40.795589041886785]","[-73.79999977619984, 40.772495020351606]","[-73.81333311574986, 40.772495020351606]","[-73.81999978552486, 40.78404203111919]"
117,135.0,118.0,130.0,133.0,116.0,129.0,"[-73.79333310642484, 40.80713605265437]","[-73.79999977619984, 40.81868306342196]","[-73.81333311574986, 40.81868306342196]","[-73.79999977619984, 40.795589041886785]","[-73.81333311574986, 40.795589041886785]","[-73.81999978552486, 40.80713605265437]"
118,136.0,119.0,131.0,135.0,117.0,130.0,"[-73.79333310642484, 40.830230074189544]","[-73.79999977619984, 40.84177708495713]","[-73.81333311574986, 40.84177708495713]","[-73.79999977619984, 40.81868306342196]","[-73.81333311574986, 40.81868306342196]","[-73.81999978552486, 40.830230074189544]"
119,137.0,120.0,132.0,136.0,118.0,131.0,"[-73.79333310642484, 40.85332409572472]","[-73.79999977619984, 40.86487110649231]","[-73.81333311574986, 40.86487110649231]","[-73.79999977619984, 40.84177708495713]","[-73.81333311574986, 40.84177708495713]","[-73.81999978552486, 40.85332409572472]"
120,,,,137.0,119.0,132.0,"[-73.79333310642484, 40.876418117259895]","[-73.79999977619984, 40.88796512802748]","[-73.81333311574986, 40.88796512802748]","[-73.79999977619984, 40.86487110649231]","[-73.81333311574986, 40.86487110649231]","[-73.81999978552486, 40.876418117259895]"
121,109.0,122.0,100.0,108.0,87.0,99.0,"[-73.81333311574986, 40.61083686960538]","[-73.81999978552486, 40.62238388037297]","[-73.83333312507486, 40.62238388037297]","[-73.81999978552486, 40.59928985883779]","[-73.83333312507486, 40.59928985883779]","[-73.83999979484986, 40.61083686960538]"
122,110.0,123.0,101.0,109.0,121.0,100.0,"[-73.81333311574986, 40.63393089114056]","[-73.81999978552486, 40.645477901908144]","[-73.83333312507486, 40.645477901908144]","[-73.81999978552486, 40.62238388037297]","[-73.83333312507486, 40.62238388037297]","[-73.83999979484986, 40.63393089114056]"
123,111.0,124.0,102.0,110.0,122.0,101.0,"[-73.81333311574986, 40.65702491267573]","[-73.81999978552486, 40.66857192344332]","[-73.83333312507486, 40.66857192344332]","[-73.81999978552486, 40.645477901908144]","[-73.83333312507486, 40.645477901908144]","[-73.83999979484986, 40.65702491267573]"
124,112.0,125.0,103.0,111.0,123.0,102.0,"[-73.81333311574986, 40.68011893421091]","[-73.81999978552486, 40.691665944978496]","[-73.83333312507486, 40.691665944978496]","[-73.81999978552486, 40.66857192344332]","[-73.83333312507486, 40.66857192344332]","[-73.83999979484986, 40.68011893421091]"
125,113.0,126.0,74.0,112.0,124.0,103.0,"[-73.81333311574986, 40.70321295574608]","[-73.81999978552486, 40.71475996651367]","[-73.83333312507486, 40.71475996651367]","[-73.81999978552486, 40.691665944978496]","[-73.83333312507486, 40.691665944978496]","[-73.83999979484986, 40.70321295574608]"
126,114.0,127.0,75.0,113.0,125.0,74.0,"[-73.81333311574986, 40.726306977281254]","[-73.81999978552486, 40.73785398804885]","[-73.83333312507486, 40.73785398804885]","[-73.81999978552486, 40.71475996651367]","[-73.83333312507486, 40.71475996651367]","[-73.83999979484986, 40.726306977281254]"
127,115.0,128.0,76.0,114.0,126.0,75.0,"[-73.81333311574986, 40.749400998816434]","[-73.81999978552486, 40.76094800958402]","[-73.83333312507486, 40.76094800958402]","[-73.81999978552486, 40.73785398804885]","[-73.83333312507486, 40.73785398804885]","[-73.83999979484986, 40.749400998816434]"
128,116.0,129.0,77.0,115.0,127.0,76.0,"[-73.81333311574986, 40.772495020351606]","[-73.81999978552486, 40.78404203111919]","[-73.83333312507486, 40.78404203111919]","[-73.81999978552486, 40.76094800958402]","[-73.83333312507486, 40.76094800958402]","[-73.83999979484986, 40.772495020351606]"
129,117.0,130.0,78.0,116.0,128.0,77.0,"[-73.81333311574986, 40.795589041886785]","[-73.81999978552486, 40.80713605265437]","[-73.83333312507486, 40.80713605265437]","[-73.81999978552486, 40.78404203111919]","[-73.83333312507486, 40.78404203111919]","[-73.83999979484986, 40.795589041886785]"
130,118.0,131.0,79.0,117.0,129.0,78.0,"[-73.81333311574986, 40.81868306342196]","[-73.81999978552486, 40.830230074189544]","[-73.83333312507486, 40.830230074189544]","[-73.81999978552486, 40.80713605265437]","[-73.83333312507486, 40.80713605265437]","[-73.83999979484986, 40.81868306342196]"
131,119.0,132.0,80.0,118.0,130.0,79.0,"[-73.81333311574986, 40.84177708495713]","[-73.81999978552486, 40.85332409572472]","[-73.83333312507486, 40.85332409572472]","[-73.81999978552486, 40.830230074189544]","[-73.83333312507486, 40.830230074189544]","[-73.83999979484986, 40.84177708495713]"
132,120.0,,81.0,119.0,131.0,80.0,"[-73.81333311574986, 40.86487110649231]","[-73.81999978552486, 40.876418117259895]","[-73.83333312507486, 40.876418117259895]","[-73.81999978552486, 40.85332409572472]","[-73.83333312507486, 40.85332409572472]","[-73.83999979484986, 40.86487110649231]"
133,,135.0,117.0,182.0,162.0,116.0,"[-73.77333309709984, 40.795589041886785]","[-73.77999976687484, 40.80713605265437]","[-73.79333310642484, 40.80713605265437]","[-73.77999976687484, 40.78404203111919]","[-73.79333310642484, 40.78404203111919]","[-73.79999977619984, 40.795589041886785]"
134,150.0,104.0,84.0,149.0,,83.0,"[-74.05333322764993, 40.58774284807021]","[-74.05999989742493, 40.59928985883779]","[-74.07333323697493, 40.59928985883779]","[-74.05999989742493, 40.57619583730262]","[-74.07333323697493, 40.57619583730262]","[-74.07999990674993, 40.58774284807021]"
135,,136.0,118.0,,133.0,117.0,"[-73.77333309709984, 40.81868306342196]","[-73.77999976687484, 40.830230074189544]","[-73.79333310642484, 40.830230074189544]","[-73.77999976687484, 40.80713605265437]","[-73.79333310642484, 40.80713605265437]","[-73.79999977619984, 40.81868306342196]"
136,183.0,137.0,119.0,,135.0,118.0,"[-73.77333309709984, 40.84177708495713]","[-73.77999976687484, 40.85332409572472]","[-73.79333310642484, 40.85332409572472]","[-73.77999976687484, 40.830230074189544]","[-73.79333310642484, 40.830230074189544]","[-73.79999977619984, 40.84177708495713]"
137,184.0,,120.0,183.0,136.0,119.0,"[-73.77333309709984, 40.86487110649231]","[-73.77999976687484, 40.876418117259895]","[-73.79333310642484, 40.876418117259895]","[-73.77999976687484, 40.85332409572472]","[-73.79333310642484, 40.85332409572472]","[-73.79999977619984, 40.86487110649231]"
138,187.0,139.0,151.0,186.0,,150.0,"[-74.01333320899991, 40.61083686960538]","[-74.01999987877491, 40.62238388037297]","[-74.03333321832493, 40.62238388037297]","[-74.01999987877491, 40.59928985883779]","[-74.03333321832493, 40.59928985883779]","[-74.03999988809993, 40.61083686960538]"
139,188.0,140.0,152.0,187.0,138.0,151.0,"[-74.01333320899991, 40.63393089114056]","[-74.01999987877491, 40.645477901908144]","[-74.03333321832493, 40.645477901908144]","[-74.01999987877491, 40.62238388037297]","[-74.03333321832493, 40.62238388037297]","[-74.03999988809993, 40.63393089114056]"
140,189.0,142.0,,188.0,139.0,152.0,"[-74.01333320899991, 40.65702491267573]","[-74.01999987877491, 40.66857192344332]","[-74.03333321832493, 40.66857192344332]","[-74.01999987877491, 40.645477901908144]","[-74.03333321832493, 40.645477901908144]","[-74.03999988809993, 40.65702491267573]"
141,163.0,143.0,155.0,190.0,,153.0,"[-73.75333308777483, 40.59928985883779]","[-73.75999975754983, 40.61083686960538]","[-73.77333309709984, 40.61083686960538]","[-73.75999975754983, 40.58774284807021]","[-73.77333309709984, 40.58774284807021]","[-73.77999976687484, 40.59928985883779]"
142,191.0,144.0,154.0,189.0,140.0,,"[-74.01333320899991, 40.68011893421091]","[-74.01999987877491, 40.691665944978496]","[-74.03333321832493, 40.691665944978496]","[-74.01999987877491, 40.66857192344332]","[-74.03333321832493, 40.66857192344332]","[-74.03999988809993, 40.68011893421091]"
143,165.0,145.0,156.0,163.0,141.0,155.0,"[-73.75333308777483, 40.62238388037297]","[-73.75999975754983, 40.63393089114056]","[-73.77333309709984, 40.63393089114056]","[-73.75999975754983, 40.61083686960538]","[-73.77333309709984, 40.61083686960538]","[-73.77999976687484, 40.62238388037297]"
144,164.0,146.0,,191.0,142.0,154.0,"[-74.01333320899991, 40.70321295574608]","[-74.01999987877491, 40.71475996651367]","[-74.03333321832493, 40.71475996651367]","[-74.01999987877491, 40.691665944978496]","[-74.03333321832493, 40.691665944978496]","[-74.03999988809993, 40.70321295574608]"
145,167.0,147.0,157.0,165.0,143.0,156.0,"[-73.75333308777483, 40.645477901908144]","[-73.75999975754983, 40.65702491267573]","[-73.77333309709984, 40.65702491267573]","[-73.75999975754983, 40.63393089114056]","[-73.77333309709984, 40.63393089114056]","[-73.77999976687484, 40.645477901908144]"
146,166.0,,,164.0,144.0,,"[-74.01333320899991, 40.726306977281254]","[-74.01999987877491, 40.73785398804885]","[-74.03333321832493, 40.73785398804885]","[-74.01999987877491, 40.71475996651367]","[-74.03333321832493, 40.71475996651367]","[-74.03999988809993, 40.726306977281254]"
147,169.0,148.0,158.0,167.0,145.0,157.0,"[-73.75333308777483, 40.66857192344332]","[-73.75999975754983, 40.68011893421091]","[-73.77333309709984, 40.68011893421091]","[-73.75999975754983, 40.65702491267573]","[-73.77333309709984, 40.65702491267573]","[-73.77999976687484, 40.66857192344332]"
148,170.0,179.0,159.0,169.0,147.0,158.0,"[-73.75333308777483, 40.691665944978496]","[-73.75999975754983, 40.70321295574608]","[-73.77333309709984, 40.70321295574608]","[-73.75999975754983, 40.68011893421091]","[-73.77333309709984, 40.68011893421091]","[-73.77999976687484, 40.691665944978496]"
149,,150.0,134.0,,,,"[-74.03333321832493, 40.57619583730262]","[-74.03999988809993, 40.58774284807021]","[-74.05333322764993, 40.58774284807021]","[-74.03999988809993, 40.564648826535034]","[-74.05333322764993, 40.564648826535034]","[-74.05999989742493, 40.57619583730262]"
150,138.0,151.0,104.0,,149.0,134.0,"[-74.03333321832493, 40.59928985883779]","[-74.03999988809993, 40.61083686960538]","[-74.05333322764993, 40.61083686960538]","[-74.03999988809993, 40.58774284807021]","[-74.05333322764993, 40.58774284807021]","[-74.05999989742493, 40.59928985883779]"
151,139.0,152.0,105.0,138.0,150.0,104.0,"[-74.03333321832493, 40.62238388037297]","[-74.03999988809993, 40.63393089114056]","[-74.05333322764993, 40.63393089114056]","[-74.03999988809993, 40.61083686960538]","[-74.05333322764993, 40.61083686960538]","[-74.05999989742493, 40.62238388037297]"
152,140.0,,107.0,139.0,151.0,105.0,"[-74.03333321832493, 40.645477901908144]","[-74.03999988809993, 40.65702491267573]","[-74.05333322764993, 40.65702491267573]","[-74.03999988809993, 40.63393089114056]","[-74.05333322764993, 40.63393089114056]","[-74.05999989742493, 40.645477901908144]"
153,141.0,155.0,108.0,,,106.0,"[-73.77333309709984, 40.58774284807021]","[-73.77999976687484, 40.59928985883779]","[-73.79333310642484, 40.59928985883779]","[-73.77999976687484, 40.57619583730262]","[-73.79333310642484, 40.57619583730262]","[-73.79999977619984, 40.58774284807021]"
154,144.0,,,142.0,,,"[-74.03333321832493, 40.691665944978496]","[-74.03999988809993, 40.70321295574608]","[-74.05333322764993, 40.70321295574608]","[-74.03999988809993, 40.68011893421091]","[-74.05333322764993, 40.68011893421091]","[-74.05999989742493, 40.691665944978496]"
155,143.0,156.0,109.0,141.0,153.0,108.0,"[-73.77333309709984, 40.61083686960538]","[-73.77999976687484, 40.62238388037297]","[-73.79333310642484, 40.62238388037297]","[-73.77999976687484, 40.59928985883779]","[-73.79333310642484, 40.59928985883779]","[-73.79999977619984, 40.61083686960538]"
156,145.0,157.0,110.0,143.0,155.0,109.0,"[-73.77333309709984, 40.63393089114056]","[-73.77999976687484, 40.645477901908144]","[-73.79333310642484, 40.645477901908144]","[-73.77999976687484, 40.62238388037297]","[-73.79333310642484, 40.62238388037297]","[-73.79999977619984, 40.63393089114056]"
157,147.0,158.0,111.0,145.0,156.0,110.0,"[-73.77333309709984, 40.65702491267573]","[-73.77999976687484, 40.66857192344332]","[-73.79333310642484, 40.66857192344332]","[-73.77999976687484, 40.645477901908144]","[-73.79333310642484, 40.645477901908144]","[-73.79999977619984, 40.65702491267573]"
158,148.0,159.0,112.0,147.0,157.0,111.0,"[-73.77333309709984, 40.68011893421091]","[-73.77999976687484, 40.691665944978496]","[-73.79333310642484, 40.691665944978496]","[-73.77999976687484, 40.66857192344332]","[-73.79333310642484, 40.66857192344332]","[-73.79999977619984, 40.68011893421091]"
159,179.0,160.0,113.0,148.0,158.0,112.0,"[-73.77333309709984, 40.70321295574608]","[-73.77999976687484, 40.71475996651367]","[-73.79333310642484, 40.71475996651367]","[-73.77999976687484, 40.691665944978496]","[-73.79333310642484, 40.691665944978496]","[-73.79999977619984, 40.70321295574608]"
160,180.0,161.0,114.0,179.0,159.0,113.0,"[-73.77333309709984, 40.726306977281254]","[-73.77999976687484, 40.73785398804885]","[-73.79333310642484, 40.73785398804885]","[-73.77999976687484, 40.71475996651367]","[-73.79333310642484, 40.71475996651367]","[-73.79999977619984, 40.726306977281254]"
161,181.0,162.0,115.0,180.0,160.0,114.0,"[-73.77333309709984, 40.749400998816434]","[-73.77999976687484, 40.76094800958402]","[-73.79333310642484, 40.76094800958402]","[-73.77999976687484, 40.73785398804885]","[-73.79333310642484, 40.73785398804885]","[-73.79999977619984, 40.749400998816434]"
162,182.0,133.0,116.0,181.0,161.0,115.0,"[-73.77333309709984, 40.772495020351606]","[-73.77999976687484, 40.78404203111919]","[-73.79333310642484, 40.78404203111919]","[-73.77999976687484, 40.76094800958402]","[-73.79333310642484, 40.76094800958402]","[-73.79999977619984, 40.772495020351606]"
163,,165.0,143.0,210.0,190.0,141.0,"[-73.73333307844982, 40.61083686960538]","[-73.73999974822482, 40.62238388037297]","[-73.75333308777483, 40.62238388037297]","[-73.73999974822482, 40.59928985883779]","[-73.75333308777483, 40.59928985883779]","[-73.75999975754983, 40.61083686960538]"
164,214.0,166.0,146.0,212.0,191.0,144.0,"[-73.99333319967491, 40.71475996651367]","[-73.99999986944991, 40.726306977281254]","[-74.01333320899991, 40.726306977281254]","[-73.99999986944991, 40.70321295574608]","[-74.01333320899991, 40.70321295574608]","[-74.01999987877491, 40.71475996651367]"
165,213.0,167.0,145.0,,163.0,143.0,"[-73.73333307844982, 40.63393089114056]","[-73.73999974822482, 40.645477901908144]","[-73.75333308777483, 40.645477901908144]","[-73.73999974822482, 40.62238388037297]","[-73.75333308777483, 40.62238388037297]","[-73.75999975754983, 40.63393089114056]"
166,216.0,168.0,,214.0,164.0,146.0,"[-73.99333319967491, 40.73785398804885]","[-73.99999986944991, 40.749400998816434]","[-74.01333320899991, 40.749400998816434]","[-73.99999986944991, 40.726306977281254]","[-74.01333320899991, 40.726306977281254]","[-74.01999987877491, 40.73785398804885]"
167,215.0,169.0,147.0,213.0,165.0,145.0,"[-73.73333307844982, 40.65702491267573]","[-73.73999974822482, 40.66857192344332]","[-73.75333308777483, 40.66857192344332]","[-73.73999974822482, 40.645477901908144]","[-73.75333308777483, 40.645477901908144]","[-73.75999975754983, 40.65702491267573]"
168,218.0,,,216.0,166.0,,"[-73.99333319967491, 40.76094800958402]","[-73.99999986944991, 40.772495020351606]","[-74.01333320899991, 40.772495020351606]","[-73.99999986944991, 40.749400998816434]","[-74.01333320899991, 40.749400998816434]","[-74.01999987877491, 40.76094800958402]"
169,217.0,170.0,148.0,215.0,167.0,147.0,"[-73.73333307844982, 40.68011893421091]","[-73.73999974822482, 40.691665944978496]","[-73.75333308777483, 40.691665944978496]","[-73.73999974822482, 40.66857192344332]","[-73.75333308777483, 40.66857192344332]","[-73.75999975754983, 40.68011893421091]"
170,219.0,171.0,179.0,217.0,169.0,148.0,"[-73.73333307844982, 40.70321295574608]","[-73.73999974822482, 40.71475996651367]","[-73.75333308777483, 40.71475996651367]","[-73.73999974822482, 40.691665944978496]","[-73.75333308777483, 40.691665944978496]","[-73.75999975754983, 40.70321295574608]"
171,221.0,172.0,180.0,219.0,170.0,179.0,"[-73.73333307844982, 40.726306977281254]","[-73.73999974822482, 40.73785398804885]","[-73.75333308777483, 40.73785398804885]","[-73.73999974822482, 40.71475996651367]","[-73.75333308777483, 40.71475996651367]","[-73.75999975754983, 40.726306977281254]"
172,222.0,173.0,181.0,221.0,171.0,180.0,"[-73.73333307844982, 40.749400998816434]","[-73.73999974822482, 40.76094800958402]","[-73.75333308777483, 40.76094800958402]","[-73.73999974822482, 40.73785398804885]","[-73.75333308777483, 40.73785398804885]","[-73.75999975754983, 40.749400998816434]"
173,,,182.0,222.0,172.0,181.0,"[-73.73333307844982, 40.772495020351606]","[-73.73999974822482, 40.78404203111919]","[-73.75333308777483, 40.78404203111919]","[-73.73999974822482, 40.76094800958402]","[-73.75333308777483, 40.76094800958402]","[-73.75999975754983, 40.772495020351606]"
174,224.0,175.0,,223.0,,,"[-74.23333331157498, 40.5069137726971]","[-74.23999998134998, 40.51846078346468]","[-74.2533333209, 40.51846078346468]","[-74.23999998134998, 40.4953667619295]","[-74.2533333209, 40.4953667619295]","[-74.259999990675, 40.5069137726971]"
175,225.0,176.0,,224.0,174.0,,"[-74.23333331157498, 40.53000779423227]","[-74.23999998134998, 40.541554804999855]","[-74.2533333209, 40.541554804999855]","[-74.23999998134998, 40.51846078346468]","[-74.2533333209, 40.51846078346468]","[-74.259999990675, 40.53000779423227]"
176,226.0,,,225.0,175.0,,"[-74.23333331157498, 40.55310181576744]","[-74.23999998134998, 40.564648826535034]","[-74.2533333209, 40.564648826535034]","[-74.23999998134998, 40.541554804999855]","[-74.2533333209, 40.541554804999855]","[-74.259999990675, 40.55310181576744]"
177,192.0,178.0,185.0,,,,"[-73.9733331903499, 40.564648826535034]","[-73.9799998601249, 40.57619583730262]","[-73.99333319967491, 40.57619583730262]","[-73.9799998601249, 40.55310181576744]","[-73.99333319967491, 40.55310181576744]","[-73.99999986944991, 40.564648826535034]"
178,193.0,206.0,186.0,192.0,177.0,185.0,"[-73.9733331903499, 40.58774284807021]","[-73.9799998601249, 40.59928985883779]","[-73.99333319967491, 40.59928985883779]","[-73.9799998601249, 40.57619583730262]","[-73.99333319967491, 40.57619583730262]","[-73.99999986944991, 40.58774284807021]"
179,171.0,180.0,160.0,170.0,148.0,159.0,"[-73.75333308777483, 40.71475996651367]","[-73.75999975754983, 40.726306977281254]","[-73.77333309709984, 40.726306977281254]","[-73.75999975754983, 40.70321295574608]","[-73.77333309709984, 40.70321295574608]","[-73.77999976687484, 40.71475996651367]"
180,172.0,181.0,161.0,171.0,179.0,160.0,"[-73.75333308777483, 40.73785398804885]","[-73.75999975754983, 40.749400998816434]","[-73.77333309709984, 40.749400998816434]","[-73.75999975754983, 40.726306977281254]","[-73.77333309709984, 40.726306977281254]","[-73.77999976687484, 40.73785398804885]"
181,173.0,182.0,162.0,172.0,180.0,161.0,"[-73.75333308777483, 40.76094800958402]","[-73.75999975754983, 40.772495020351606]","[-73.77333309709984, 40.772495020351606]","[-73.75999975754983, 40.749400998816434]","[-73.77333309709984, 40.749400998816434]","[-73.77999976687484, 40.76094800958402]"
182,,,133.0,173.0,181.0,162.0,"[-73.75333308777483, 40.78404203111919]","[-73.75999975754983, 40.795589041886785]","[-73.77333309709984, 40.795589041886785]","[-73.75999975754983, 40.772495020351606]","[-73.77333309709984, 40.772495020351606]","[-73.77999976687484, 40.78404203111919]"
183,,184.0,137.0,,,136.0,"[-73.75333308777483, 40.85332409572472]","[-73.75999975754983, 40.86487110649231]","[-73.77333309709984, 40.86487110649231]","[-73.75999975754983, 40.84177708495713]","[-73.77333309709984, 40.84177708495713]","[-73.77999976687484, 40.85332409572472]"
184,,,,,183.0,137.0,"[-73.75333308777483, 40.876418117259895]","[-73.75999975754983, 40.88796512802748]","[-73.77333309709984, 40.88796512802748]","[-73.75999975754983, 40.86487110649231]","[-73.77333309709984, 40.86487110649231]","[-73.77999976687484, 40.876418117259895]"
185,178.0,186.0,,177.0,,,"[-73.99333319967491, 40.57619583730262]","[-73.99999986944991, 40.58774284807021]","[-74.01333320899991, 40.58774284807021]","[-73.99999986944991, 40.564648826535034]","[-74.01333320899991, 40.564648826535034]","[-74.01999987877491, 40.57619583730262]"
186,206.0,187.0,138.0,178.0,185.0,,"[-73.99333319967491, 40.59928985883779]","[-73.99999986944991, 40.61083686960538]","[-74.01333320899991, 40.61083686960538]","[-73.99999986944991, 40.58774284807021]","[-74.01333320899991, 40.58774284807021]","[-74.01999987877491, 40.59928985883779]"
187,208.0,188.0,139.0,206.0,186.0,138.0,"[-73.99333319967491, 40.62238388037297]","[-73.99999986944991, 40.63393089114056]","[-74.01333320899991, 40.63393089114056]","[-73.99999986944991, 40.61083686960538]","[-74.01333320899991, 40.61083686960538]","[-74.01999987877491, 40.62238388037297]"
188,209.0,189.0,140.0,208.0,187.0,139.0,"[-73.99333319967491, 40.645477901908144]","[-73.99999986944991, 40.65702491267573]","[-74.01333320899991, 40.65702491267573]","[-73.99999986944991, 40.63393089114056]","[-74.01333320899991, 40.63393089114056]","[-74.01999987877491, 40.645477901908144]"
189,211.0,191.0,142.0,209.0,188.0,140.0,"[-73.99333319967491, 40.66857192344332]","[-73.99999986944991, 40.68011893421091]","[-74.01333320899991, 40.68011893421091]","[-73.99999986944991, 40.65702491267573]","[-74.01333320899991, 40.65702491267573]","[-74.01999987877491, 40.66857192344332]"
190,210.0,163.0,141.0,,,,"[-73.73333307844982, 40.58774284807021]","[-73.73999974822482, 40.59928985883779]","[-73.75333308777483, 40.59928985883779]","[-73.73999974822482, 40.57619583730262]","[-73.75333308777483, 40.57619583730262]","[-73.75999975754983, 40.58774284807021]"
191,212.0,164.0,144.0,211.0,189.0,142.0,"[-73.99333319967491, 40.691665944978496]","[-73.99999986944991, 40.70321295574608]","[-74.01333320899991, 40.70321295574608]","[-73.99999986944991, 40.68011893421091]","[-74.01333320899991, 40.68011893421091]","[-74.01999987877491, 40.691665944978496]"
192,0.0,193.0,178.0,250.0,,177.0,"[-73.9533331810249, 40.57619583730262]","[-73.9599998507999, 40.58774284807021]","[-73.9733331903499, 40.58774284807021]","[-73.9599998507999, 40.564648826535034]","[-73.9733331903499, 40.564648826535034]","[-73.9799998601249, 40.57619583730262]"
193,1.0,194.0,206.0,0.0,192.0,178.0,"[-73.9533331810249, 40.59928985883779]","[-73.9599998507999, 40.61083686960538]","[-73.9733331903499, 40.61083686960538]","[-73.9599998507999, 40.58774284807021]","[-73.9733331903499, 40.58774284807021]","[-73.9799998601249, 40.59928985883779]"
194,2.0,195.0,208.0,1.0,193.0,206.0,"[-73.9533331810249, 40.62238388037297]","[-73.9599998507999, 40.63393089114056]","[-73.9733331903499, 40.63393089114056]","[-73.9599998507999, 40.61083686960538]","[-73.9733331903499, 40.61083686960538]","[-73.9799998601249, 40.62238388037297]"
195,3.0,196.0,209.0,2.0,194.0,208.0,"[-73.9533331810249, 40.645477901908144]","[-73.9599998507999, 40.65702491267573]","[-73.9733331903499, 40.65702491267573]","[-73.9599998507999, 40.63393089114056]","[-73.9733331903499, 40.63393089114056]","[-73.9799998601249, 40.645477901908144]"
196,4.0,197.0,211.0,3.0,195.0,209.0,"[-73.9533331810249, 40.66857192344332]","[-73.9599998507999, 40.68011893421091]","[-73.9733331903499, 40.68011893421091]","[-73.9599998507999, 40.65702491267573]","[-73.9733331903499, 40.65702491267573]","[-73.9799998601249, 40.66857192344332]"
197,5.0,198.0,212.0,4.0,196.0,211.0,"[-73.9533331810249, 40.691665944978496]","[-73.9599998507999, 40.70321295574608]","[-73.9733331903499, 40.70321295574608]","[-73.9599998507999, 40.68011893421091]","[-73.9733331903499, 40.68011893421091]","[-73.9799998601249, 40.691665944978496]"
198,6.0,199.0,214.0,5.0,197.0,212.0,"[-73.9533331810249, 40.71475996651367]","[-73.9599998507999, 40.726306977281254]","[-73.9733331903499, 40.726306977281254]","[-73.9599998507999, 40.70321295574608]","[-73.9733331903499, 40.70321295574608]","[-73.9799998601249, 40.71475996651367]"
199,7.0,200.0,216.0,6.0,198.0,214.0,"[-73.9533331810249, 40.73785398804885]","[-73.9599998507999, 40.749400998816434]","[-73.9733331903499, 40.749400998816434]","[-73.9599998507999, 40.726306977281254]","[-73.9733331903499, 40.726306977281254]","[-73.9799998601249, 40.73785398804885]"
200,8.0,201.0,218.0,7.0,199.0,216.0,"[-73.9533331810249, 40.76094800958402]","[-73.9599998507999, 40.772495020351606]","[-73.9733331903499, 40.772495020351606]","[-73.9599998507999, 40.749400998816434]","[-73.9733331903499, 40.749400998816434]","[-73.9799998601249, 40.76094800958402]"
201,227.0,202.0,220.0,8.0,200.0,218.0,"[-73.9533331810249, 40.78404203111919]","[-73.9599998507999, 40.795589041886785]","[-73.9733331903499, 40.795589041886785]","[-73.9599998507999, 40.772495020351606]","[-73.9733331903499, 40.772495020351606]","[-73.9799998601249, 40.78404203111919]"
202,228.0,204.0,,227.0,201.0,220.0,"[-73.9533331810249, 40.80713605265437]","[-73.9599998507999, 40.81868306342196]","[-73.9733331903499, 40.81868306342196]","[-73.9599998507999, 40.795589041886785]","[-73.9733331903499, 40.795589041886785]","[-73.9799998601249, 40.80713605265437]"
203,,205.0,221.0,,,219.0,"[-73.69333305979981, 40.726306977281254]","[-73.69999972957481, 40.73785398804885]","[-73.71333306912481, 40.73785398804885]","[-73.69999972957481, 40.71475996651367]","[-73.71333306912481, 40.71475996651367]","[-73.71999973889982, 40.726306977281254]"
204,229.0,,,228.0,202.0,,"[-73.9533331810249, 40.830230074189544]","[-73.9599998507999, 40.84177708495713]","[-73.9733331903499, 40.84177708495713]","[-73.9599998507999, 40.81868306342196]","[-73.9733331903499, 40.81868306342196]","[-73.9799998601249, 40.830230074189544]"
205,,,222.0,,203.0,221.0,"[-73.69333305979981, 40.749400998816434]","[-73.69999972957481, 40.76094800958402]","[-73.71333306912481, 40.76094800958402]","[-73.69999972957481, 40.73785398804885]","[-73.71333306912481, 40.73785398804885]","[-73.71999973889982, 40.749400998816434]"
206,194.0,208.0,187.0,193.0,178.0,186.0,"[-73.9733331903499, 40.61083686960538]","[-73.9799998601249, 40.62238388037297]","[-73.99333319967491, 40.62238388037297]","[-73.9799998601249, 40.59928985883779]","[-73.99333319967491, 40.59928985883779]","[-73.99999986944991, 40.61083686960538]"
207,231.0,244.0,224.0,,,223.0,"[-74.19333329292498, 40.5069137726971]","[-74.19999996269998, 40.51846078346468]","[-74.21333330224998, 40.51846078346468]","[-74.19999996269998, 40.4953667619295]","[-74.21333330224998, 40.4953667619295]","[-74.21999997202498, 40.5069137726971]"
208,195.0,209.0,188.0,194.0,206.0,187.0,"[-73.9733331903499, 40.63393089114056]","[-73.9799998601249, 40.645477901908144]","[-73.99333319967491, 40.645477901908144]","[-73.9799998601249, 40.62238388037297]","[-73.99333319967491, 40.62238388037297]","[-73.99999986944991, 40.63393089114056]"
209,196.0,211.0,189.0,195.0,208.0,188.0,"[-73.9733331903499, 40.65702491267573]","[-73.9799998601249, 40.66857192344332]","[-73.99333319967491, 40.66857192344332]","[-73.9799998601249, 40.645477901908144]","[-73.99333319967491, 40.645477901908144]","[-73.99999986944991, 40.65702491267573]"
210,,,163.0,,,190.0,"[-73.71333306912481, 40.59928985883779]","[-73.71999973889982, 40.61083686960538]","[-73.73333307844982, 40.61083686960538]","[-73.71999973889982, 40.58774284807021]","[-73.73333307844982, 40.58774284807021]","[-73.73999974822482, 40.59928985883779]"
211,197.0,212.0,191.0,196.0,209.0,189.0,"[-73.9733331903499, 40.68011893421091]","[-73.9799998601249, 40.691665944978496]","[-73.99333319967491, 40.691665944978496]","[-73.9799998601249, 40.66857192344332]","[-73.99333319967491, 40.66857192344332]","[-73.99999986944991, 40.68011893421091]"
212,198.0,214.0,164.0,197.0,211.0,191.0,"[-73.9733331903499, 40.70321295574608]","[-73.9799998601249, 40.71475996651367]","[-73.99333319967491, 40.71475996651367]","[-73.9799998601249, 40.691665944978496]","[-73.99333319967491, 40.691665944978496]","[-73.99999986944991, 40.70321295574608]"
213,,215.0,167.0,,,165.0,"[-73.71333306912481, 40.645477901908144]","[-73.71999973889982, 40.65702491267573]","[-73.73333307844982, 40.65702491267573]","[-73.71999973889982, 40.63393089114056]","[-73.73333307844982, 40.63393089114056]","[-73.73999974822482, 40.645477901908144]"
214,199.0,216.0,166.0,198.0,212.0,164.0,"[-73.9733331903499, 40.726306977281254]","[-73.9799998601249, 40.73785398804885]","[-73.99333319967491, 40.73785398804885]","[-73.9799998601249, 40.71475996651367]","[-73.99333319967491, 40.71475996651367]","[-73.99999986944991, 40.726306977281254]"
215,,217.0,169.0,,213.0,167.0,"[-73.71333306912481, 40.66857192344332]","[-73.71999973889982, 40.68011893421091]","[-73.73333307844982, 40.68011893421091]","[-73.71999973889982, 40.65702491267573]","[-73.73333307844982, 40.65702491267573]","[-73.73999974822482, 40.66857192344332]"
216,200.0,218.0,168.0,199.0,214.0,166.0,"[-73.9733331903499, 40.749400998816434]","[-73.9799998601249, 40.76094800958402]","[-73.99333319967491, 40.76094800958402]","[-73.9799998601249, 40.73785398804885]","[-73.99333319967491, 40.73785398804885]","[-73.99999986944991, 40.749400998816434]"
217,,219.0,170.0,,215.0,169.0,"[-73.71333306912481, 40.691665944978496]","[-73.71999973889982, 40.70321295574608]","[-73.73333307844982, 40.70321295574608]","[-73.71999973889982, 40.68011893421091]","[-73.73333307844982, 40.68011893421091]","[-73.73999974822482, 40.691665944978496]"
218,201.0,220.0,,200.0,216.0,168.0,"[-73.9733331903499, 40.772495020351606]","[-73.9799998601249, 40.78404203111919]","[-73.99333319967491, 40.78404203111919]","[-73.9799998601249, 40.76094800958402]","[-73.99333319967491, 40.76094800958402]","[-73.99999986944991, 40.772495020351606]"
219,203.0,221.0,171.0,,217.0,170.0,"[-73.71333306912481, 40.71475996651367]","[-73.71999973889982, 40.726306977281254]","[-73.73333307844982, 40.726306977281254]","[-73.71999973889982, 40.70321295574608]","[-73.73333307844982, 40.70321295574608]","[-73.73999974822482, 40.71475996651367]"
220,202.0,,,201.0,218.0,,"[-73.9733331903499, 40.795589041886785]","[-73.9799998601249, 40.80713605265437]","[-73.99333319967491, 40.80713605265437]","[-73.9799998601249, 40.78404203111919]","[-73.99333319967491, 40.78404203111919]","[-73.99999986944991, 40.795589041886785]"
221,205.0,222.0,172.0,203.0,219.0,171.0,"[-73.71333306912481, 40.73785398804885]","[-73.71999973889982, 40.749400998816434]","[-73.73333307844982, 40.749400998816434]","[-73.71999973889982, 40.726306977281254]","[-73.73333307844982, 40.726306977281254]","[-73.73999974822482, 40.73785398804885]"
222,,,173.0,205.0,221.0,172.0,"[-73.71333306912481, 40.76094800958402]","[-73.71999973889982, 40.772495020351606]","[-73.73333307844982, 40.772495020351606]","[-73.71999973889982, 40.749400998816434]","[-73.73333307844982, 40.749400998816434]","[-73.73999974822482, 40.76094800958402]"
223,207.0,224.0,174.0,,,,"[-74.21333330224998, 40.4953667619295]","[-74.21999997202498, 40.5069137726971]","[-74.23333331157498, 40.5069137726971]","[-74.21999997202498, 40.48381975116192]","[-74.23333331157498, 40.48381975116192]","[-74.23999998134998, 40.4953667619295]"
224,244.0,225.0,175.0,207.0,223.0,174.0,"[-74.21333330224998, 40.51846078346468]","[-74.21999997202498, 40.53000779423227]","[-74.23333331157498, 40.53000779423227]","[-74.21999997202498, 40.5069137726971]","[-74.23333331157498, 40.5069137726971]","[-74.23999998134998, 40.51846078346468]"
225,245.0,226.0,176.0,244.0,224.0,175.0,"[-74.21333330224998, 40.541554804999855]","[-74.21999997202498, 40.55310181576744]","[-74.23333331157498, 40.55310181576744]","[-74.21999997202498, 40.53000779423227]","[-74.23333331157498, 40.53000779423227]","[-74.23999998134998, 40.541554804999855]"
226,246.0,,,245.0,225.0,176.0,"[-74.21333330224998, 40.564648826535034]","[-74.21999997202498, 40.57619583730262]","[-74.23333331157498, 40.57619583730262]","[-74.21999997202498, 40.55310181576744]","[-74.23333331157498, 40.55310181576744]","[-74.23999998134998, 40.564648826535034]"
227,28.0,228.0,202.0,27.0,8.0,201.0,"[-73.93333317169989, 40.795589041886785]","[-73.93999984147489, 40.80713605265437]","[-73.9533331810249, 40.80713605265437]","[-73.93999984147489, 40.78404203111919]","[-73.9533331810249, 40.78404203111919]","[-73.9599998507999, 40.795589041886785]"
228,29.0,229.0,204.0,28.0,227.0,202.0,"[-73.93333317169989, 40.81868306342196]","[-73.93999984147489, 40.830230074189544]","[-73.9533331810249, 40.830230074189544]","[-73.93999984147489, 40.80713605265437]","[-73.9533331810249, 40.80713605265437]","[-73.9599998507999, 40.81868306342196]"
229,30.0,230.0,,29.0,228.0,204.0,"[-73.93333317169989, 40.84177708495713]","[-73.93999984147489, 40.85332409572472]","[-73.9533331810249, 40.85332409572472]","[-73.93999984147489, 40.830230074189544]","[-73.9533331810249, 40.830230074189544]","[-73.9599998507999, 40.84177708495713]"
230,31.0,,,30.0,229.0,,"[-73.93333317169989, 40.86487110649231]","[-73.93999984147489, 40.876418117259895]","[-73.9533331810249, 40.876418117259895]","[-73.93999984147489, 40.85332409572472]","[-73.9533331810249, 40.85332409572472]","[-73.9599998507999, 40.86487110649231]"
231,32.0,232.0,244.0,,,207.0,"[-74.17333328359997, 40.51846078346468]","[-74.17999995337497, 40.53000779423227]","[-74.19333329292498, 40.53000779423227]","[-74.17999995337497, 40.5069137726971]","[-74.19333329292498, 40.5069137726971]","[-74.19999996269998, 40.51846078346468]"
232,33.0,233.0,245.0,32.0,231.0,244.0,"[-74.17333328359997, 40.541554804999855]","[-74.17999995337497, 40.55310181576744]","[-74.19333329292498, 40.55310181576744]","[-74.17999995337497, 40.53000779423227]","[-74.19333329292498, 40.53000779423227]","[-74.19999996269998, 40.541554804999855]"
233,34.0,234.0,246.0,33.0,232.0,245.0,"[-74.17333328359997, 40.564648826535034]","[-74.17999995337497, 40.57619583730262]","[-74.19333329292498, 40.57619583730262]","[-74.17999995337497, 40.55310181576744]","[-74.19333329292498, 40.55310181576744]","[-74.19999996269998, 40.564648826535034]"
234,35.0,235.0,247.0,34.0,233.0,246.0,"[-74.17333328359997, 40.58774284807021]","[-74.17999995337497, 40.59928985883779]","[-74.19333329292498, 40.59928985883779]","[-74.17999995337497, 40.57619583730262]","[-74.19333329292498, 40.57619583730262]","[-74.19999996269998, 40.58774284807021]"
235,36.0,237.0,248.0,35.0,234.0,247.0,"[-74.17333328359997, 40.61083686960538]","[-74.17999995337497, 40.62238388037297]","[-74.19333329292498, 40.62238388037297]","[-74.17999995337497, 40.59928985883779]","[-74.19333329292498, 40.59928985883779]","[-74.19999996269998, 40.61083686960538]"
236,39.0,238.0,250.0,37.0,,249.0,"[-73.91333316237488, 40.55310181576744]","[-73.91999983214988, 40.564648826535034]","[-73.93333317169989, 40.564648826535034]","[-73.91999983214988, 40.541554804999855]","[-73.93333317169989, 40.541554804999855]","[-73.93999984147489, 40.55310181576744]"
237,38.0,,,36.0,235.0,248.0,"[-74.17333328359997, 40.63393089114056]","[-74.17999995337497, 40.645477901908144]","[-74.19333329292498, 40.645477901908144]","[-74.17999995337497, 40.62238388037297]","[-74.19333329292498, 40.62238388037297]","[-74.19999996269998, 40.63393089114056]"
238,40.0,239.0,0.0,39.0,236.0,250.0,"[-73.91333316237488, 40.57619583730262]","[-73.91999983214988, 40.58774284807021]","[-73.93333317169989, 40.58774284807021]","[-73.91999983214988, 40.564648826535034]","[-73.93333317169989, 40.564648826535034]","[-73.93999984147489, 40.57619583730262]"
239,9.0,240.0,1.0,40.0,238.0,0.0,"[-73.91333316237488, 40.59928985883779]","[-73.91999983214988, 40.61083686960538]","[-73.93333317169989, 40.61083686960538]","[-73.91999983214988, 40.58774284807021]","[-73.93333317169989, 40.58774284807021]","[-73.93999984147489, 40.59928985883779]"
240,10.0,241.0,2.0,9.0,239.0,1.0,"[-73.91333316237488, 40.62238388037297]","[-73.91999983214988, 40.63393089114056]","[-73.93333317169989, 40.63393089114056]","[-73.91999983214988, 40.61083686960538]","[-73.93333317169989, 40.61083686960538]","[-73.93999984147489, 40.62238388037297]"
241,11.0,242.0,3.0,10.0,240.0,2.0,"[-73.91333316237488, 40.645477901908144]","[-73.91999983214988, 40.65702491267573]","[-73.93333317169989, 40.65702491267573]","[-73.91999983214988, 40.63393089114056]","[-73.93333317169989, 40.63393089114056]","[-73.93999984147489, 40.645477901908144]"
242,12.0,243.0,4.0,11.0,241.0,3.0,"[-73.91333316237488, 40.66857192344332]","[-73.91999983214988, 40.68011893421091]","[-73.93333317169989, 40.68011893421091]","[-73.91999983214988, 40.65702491267573]","[-73.93333317169989, 40.65702491267573]","[-73.93999984147489, 40.66857192344332]"
243,13.0,24.0,5.0,12.0,242.0,4.0,"[-73.91333316237488, 40.691665944978496]","[-73.91999983214988, 40.70321295574608]","[-73.93333317169989, 40.70321295574608]","[-73.91999983214988, 40.68011893421091]","[-73.93333317169989, 40.68011893421091]","[-73.93999984147489, 40.691665944978496]"
244,232.0,245.0,225.0,231.0,207.0,224.0,"[-74.19333329292498, 40.53000779423227]","[-74.19999996269998, 40.541554804999855]","[-74.21333330224998, 40.541554804999855]","[-74.19999996269998, 40.51846078346468]","[-74.21333330224998, 40.51846078346468]","[-74.21999997202498, 40.53000779423227]"
245,233.0,246.0,226.0,232.0,244.0,225.0,"[-74.19333329292498, 40.55310181576744]","[-74.19999996269998, 40.564648826535034]","[-74.21333330224998, 40.564648826535034]","[-74.19999996269998, 40.541554804999855]","[-74.21333330224998, 40.541554804999855]","[-74.21999997202498, 40.55310181576744]"
246,234.0,247.0,,233.0,245.0,226.0,"[-74.19333329292498, 40.57619583730262]","[-74.19999996269998, 40.58774284807021]","[-74.21333330224998, 40.58774284807021]","[-74.19999996269998, 40.564648826535034]","[-74.21333330224998, 40.564648826535034]","[-74.21999997202498, 40.57619583730262]"
247,235.0,248.0,,234.0,246.0,,"[-74.19333329292498, 40.59928985883779]","[-74.19999996269998, 40.61083686960538]","[-74.21333330224998, 40.61083686960538]","[-74.19999996269998, 40.58774284807021]","[-74.21333330224998, 40.58774284807021]","[-74.21999997202498, 40.59928985883779]"
248,237.0,,,235.0,247.0,,"[-74.19333329292498, 40.62238388037297]","[-74.19999996269998, 40.63393089114056]","[-74.21333330224998, 40.63393089114056]","[-74.19999996269998, 40.61083686960538]","[-74.21333330224998, 40.61083686960538]","[-74.21999997202498, 40.62238388037297]"
249,236.0,250.0,,,,,"[-73.93333317169989, 40.541554804999855]","[-73.93999984147489, 40.55310181576744]","[-73.9533331810249, 40.55310181576744]","[-73.93999984147489, 40.53000779423227]","[-73.9533331810249, 40.53000779423227]","[-73.9599998507999, 40.541554804999855]"
250,238.0,0.0,192.0,236.0,249.0,,"[-73.93333317169989, 40.564648826535034]","[-73.93999984147489, 40.57619583730262]","[-73.9533331810249, 40.57619583730262]","[-73.93999984147489, 40.55310181576744]","[-73.9533331810249, 40.55310181576744]","[-73.9599998507999, 40.564648826535034]"
